{"fusion/f1":0.9935128759583252,"gat/accuracy":0.9986240786240786,"gat/specificity":0.999273510022871,"fusion/n_samples":30000,"_step":0,"_runtime":0,"vgae/youden_j":0.4828371357440947,"vgae/mcc":0.3513711746688599,"vgae/balanced_accuracy":0.7412771251563472,"vgae/recall":0.6237623762376238,"vgae/auc":0.8124451131665413,"gat/auc":0.9995591051869116,"gat/precision":0.9923577696009057,"gat/balanced_accuracy":0.9955349162561313,"fusion/recall":0.989041095890411,"gat/f1":0.9920769666100736,"gat/recall":0.9917963224893918,"vgae/fnr":0.37623762376237624,"vgae/fpr":0.14120812592492937,"gat/n_samples":40700,"fusion/mcc":0.9929240551251384,"_wandb":{"runtime":0},"fusion/fpr":0.00018218254691200583,"gat/mcc":0.9913236375276574,"vgae/precision":0.2958540185160338,"_timestamp":1.7713550497389088e+09,"vgae/f1":0.4013469239170004,"vgae/n_samples":40700,"gat/fnr":0.008203677510608205,"fusion/accuracy":0.9989,"vgae/specificity":0.8587918740750706,"fusion/fnr":0.010958904109589041,"fusion/auc":0.9942345890856611,"gat/fpr":0.0007264899771290193,"fusion/precision":0.9980252764612955,"fusion/specificity":0.999817817453088,"fusion/balanced_accuracy":0.9944294566717495,"vgae/optimal_threshold":0.039579205214977264,"vgae/accuracy":0.8383783783783784}