{"epoch":0,"trainer/global_step":49,"_timestamp":1.7726847090659542e+09,"_step":0,"_wandb":{"runtime":8030},"_runtime":8030,"train_loss":1.1710073947906494}