{"fusion/fpr":0.0005531929606195762,"vgae/fnr":0.2820299500831947,"_wandb":{"runtime":0},"fusion/auc":0.957340915852166,"fusion/precision":0.9841584158415841,"_timestamp":1.7713550721738837e+09,"gat/recall":0.9608985024958403,"fusion/balanced_accuracy":0.9611904415883996,"vgae/balanced_accuracy":0.668154866922298,"gat/accuracy":0.9682721252257676,"gat/fpr":0.03145105877943657,"vgae/accuracy":0.621944611679711,"fusion/f1":0.9525634882606613,"vgae/precision":0.06596346403730032,"vgae/n_samples":33220,"gat/specificity":0.9685489412205635,"gat/precision":0.53422756706753,"gat/n_samples":33220,"gat/auc":0.99392952736964,"_step":0,"gat/balanced_accuracy":0.9647237218582019,"vgae/f1":0.1208260413020651,"vgae/specificity":0.6183396839277906,"vgae/recall":0.7179700499168054,"_runtime":0,"vgae/auc":0.7306358143594145,"vgae/youden_j":0.3371416806000036,"fusion/accuracy":0.9967,"fusion/fnr":0.07706592386258125,"vgae/fpr":0.3816603160722094,"fusion/n_samples":30000,"gat/f1":0.6866825208085613,"fusion/mcc":0.9513821947352465,"vgae/optimal_threshold":0.04131942242383957,"gat/fnr":0.039101497504159734,"gat/mcc":0.7036546851218309,"fusion/specificity":0.9994468070393804,"vgae/mcc":0.12853982833352529,"fusion/recall":0.9229340761374187}