{"fusion/n_samples":30000,"gat/fpr":0.05121020828410357,"vgae/precision":0.06323585263957462,"fusion/precision":0.4037102473498233,"fusion/fpr":0.022952157502805264,"gat/accuracy":0.9486398835131379,"fusion/balanced_accuracy":0.8751567469677175,"vgae/mcc":0.14398748898355954,"vgae/fpr":0.16652601019478108,"vgae/optimal_threshold":0.05178900435566902,"vgae/recall":0.5596638655462185,"vgae/n_samples":30218,"gat/n_samples":30218,"gat/mcc":0.48871822422084094,"vgae/fnr":0.4403361344537815,"fusion/auc":0.8722349748592104,"gat/precision":0.2696196437168994,"_step":0,"fusion/accuracy":0.9730333333333333,"gat/auc":0.9898597416213895,"fusion/f1":0.53047011027278,"gat/fnr":0.058823529411764705,"fusion/recall":0.7732656514382402,"fusion/mcc":0.5471987094259254,"_wandb":{"runtime":0},"gat/recall":0.9411764705882353,"_timestamp":1.77135502858081e+09,"_runtime":0,"fusion/fnr":0.22673434856175972,"gat/f1":0.41916167664670656,"vgae/f1":0.11363248592390376,"vgae/youden_j":0.394818527620345,"gat/specificity":0.9487897917158964,"vgae/specificity":0.8334739898052189,"gat/balanced_accuracy":0.9449831311520658,"fusion/specificity":0.9770478424971948,"vgae/accuracy":0.8280825997749686,"vgae/balanced_accuracy":0.6965689276757188,"vgae/auc":0.7455740301724445}