{"gat/recall":1,"gat/mcc":1,"vgae/fpr":0.17324290998766953,"fusion/mcc":0.9838365102217598,"fusion/fnr":0.027888446215139442,"gat/auc":1,"_timestamp":1.771355007925593e+09,"vgae/n_samples":1873,"gat/specificity":1,"vgae/recall":0.9163346613545816,"fusion/auc":0.9721545384430219,"vgae/optimal_threshold":0.06685793399810791,"fusion/accuracy":0.996262680192205,"gat/fnr":0,"fusion/n_samples":1873,"_step":0,"vgae/specificity":0.8267570900123304,"gat/accuracy":1,"fusion/specificity":1,"fusion/fpr":0,"gat/fpr":0,"vgae/auc":0.9483250720914124,"vgae/precision":0.4500978473581213,"fusion/f1":0.9858585858585859,"fusion/recall":0.9721115537848606,"vgae/accuracy":0.8387613454351308,"fusion/precision":1,"gat/f1":1,"gat/n_samples":1873,"vgae/mcc":0.568336727543282,"vgae/f1":0.6036745406824147,"gat/balanced_accuracy":1,"fusion/balanced_accuracy":0.9860557768924303,"vgae/fnr":0.08366533864541832,"_runtime":0,"vgae/youden_j":0.747075815111932,"_wandb":{"runtime":0},"vgae/balanced_accuracy":0.871545875683456,"gat/precision":1}