{"vgae/fnr":0.14879926462139492,"gat/f1":0.9995976780274728,"fusion/precision":1,"vgae/balanced_accuracy":0.7701429234901365,"gat/fpr":0,"gat/auc":0.9999977791638275,"gat/n_samples":29088,"vgae/optimal_threshold":0.03546275198459625,"fusion/auc":0.9996878118735314,"vgae/youden_j":0.5404007498873165,"fusion/n_samples":29088,"fusion/mcc":0.9994261773037189,"gat/accuracy":0.9997593509350935,"gat/precision":1,"fusion/accuracy":0.9997593509350935,"fusion/balanced_accuracy":0.9995978398253476,"_runtime":0,"_step":0,"vgae/recall":0.8512007353786051,"fusion/specificity":1,"vgae/fpr":0.3109148883983321,"gat/recall":0.9991956796506951,"fusion/f1":0.9995976780274728,"_timestamp":1.7713549858263488e+09,"gat/fnr":0.0008043203493048374,"fusion/fpr":0,"fusion/recall":0.9991956796506951,"vgae/n_samples":29088,"gat/mcc":0.9994261773037189,"vgae/mcc":0.495546350204486,"vgae/specificity":0.6890851116016679,"vgae/accuracy":0.7375893839383938,"gat/specificity":1,"_wandb":{"runtime":0},"gat/balanced_accuracy":0.9995978398253476,"vgae/auc":0.864026205190438,"vgae/precision":0.538920413211116,"vgae/f1":0.6599848545592232,"fusion/fnr":0.0008043203493048374}