{"gat/specificity":0.6983723931232568,"fusion/auc":0.753010988195992,"_runtime":0,"vgae/recall":0.5829694323144105,"vgae/precision":0.09131326949384405,"gat/mcc":0.19304540918610716,"fusion/fpr":0.0005411480664363319,"_timestamp":1.7713550975468786e+09,"_step":0,"vgae/n_samples":24481,"vgae/auc":0.7788123172352842,"gat/precision":0.05736958501365942,"fusion/f1":0.6676096181046676,"vgae/f1":0.15789473684210525,"gat/auc":0.9590672475995076,"vgae/fnr":0.4170305676855895,"vgae/optimal_threshold":0.05407818779349327,"fusion/balanced_accuracy":0.7573713473641617,"fusion/precision":0.9477911646586346,"fusion/fnr":0.4847161572052402,"vgae/balanced_accuracy":0.7361835464448463,"gat/f1":0.10828729281767956,"fusion/n_samples":24481,"vgae/youden_j":0.47455049900322965,"gat/fnr":0.03711790393013101,"gat/fpr":0.3016276068767431,"gat/recall":0.962882096069869,"fusion/mcc":0.6950919321370239,"gat/n_samples":24481,"fusion/specificity":0.9994588519335637,"fusion/accuracy":0.9904007189248806,"fusion/recall":0.5152838427947598,"_wandb":{"runtime":0},"vgae/mcc":0.19735273518743582,"vgae/accuracy":0.8836648829704669,"gat/balanced_accuracy":0.8306272445965629,"vgae/fpr":0.11060233942471798,"vgae/specificity":0.889397660575282,"gat/accuracy":0.7033209427719456}