{"fusion/precision":1,"fusion/accuracy":0.999466097170315,"fusion/balanced_accuracy":0.99800796812749,"fusion/fnr":0.00398406374501992,"vgae/mcc":0.5341333907330748,"_runtime":0,"gat/recall":0.9960159362549801,"gat/f1":0.998003992015968,"fusion/fpr":0,"vgae/fpr":0.2003699136868064,"vgae/recall":0.9163346613545816,"vgae/f1":0.5707196029776674,"gat/n_samples":1873,"vgae/precision":0.4144144144144144,"vgae/accuracy":0.8152696209289909,"_step":0,"vgae/auc":0.9385417638938698,"vgae/youden_j":0.7199488114127952,"gat/fnr":0.00398406374501992,"fusion/mcc":0.9976984755238361,"fusion/specificity":1,"vgae/fnr":0.08366533864541832,"_timestamp":1.7713550038321178e+09,"gat/fpr":0,"fusion/n_samples":1873,"gat/balanced_accuracy":0.99800796812749,"gat/specificity":1,"_wandb":{"runtime":0},"vgae/specificity":0.7996300863131935,"fusion/f1":0.998003992015968,"gat/mcc":0.9976984755238361,"fusion/auc":0.9995787503500179,"gat/accuracy":0.999466097170315,"gat/auc":1,"vgae/balanced_accuracy":0.8579823738338876,"fusion/recall":0.9960159362549801,"vgae/n_samples":1873,"vgae/optimal_threshold":0.04353594034910202,"gat/precision":1}