{"gat/accuracy":0.9971990171990172,"gat/recall":0.9858557284299858,"_wandb":{"runtime":0},"fusion/accuracy":0.9977666666666667,"fusion/fpr":0.0009109127345600292,"_runtime":0,"_step":0,"vgae/specificity":0.8819319251984394,"fusion/precision":0.9901497241922774,"vgae/optimal_threshold":0.05276757851243019,"vgae/n_samples":40700,"gat/balanced_accuracy":0.9920668390569141,"vgae/fnr":0.4186704384724187,"fusion/mcc":0.9856310151605063,"fusion/recall":0.9835616438356164,"vgae/f1":0.41190619362597714,"vgae/recall":0.5813295615275813,"fusion/specificity":0.99908908726544,"gat/n_samples":40700,"vgae/fpr":0.1180680748015606,"fusion/auc":0.99084587962618,"gat/auc":0.9991795599386579,"gat/precision":0.9819667511975204,"_timestamp":1.771355053837767e+09,"gat/f1":0.9839073969508753,"gat/fpr":0.0017220503161576753,"vgae/balanced_accuracy":0.7316307433630104,"vgae/accuracy":0.8558230958230958,"fusion/balanced_accuracy":0.9913253655505282,"gat/fnr":0.014144271570014143,"gat/specificity":0.9982779496838423,"vgae/mcc":0.3574120946486156,"vgae/auc":0.7879724368431538,"gat/mcc":0.9823757151303272,"vgae/precision":0.3189507993170883,"vgae/youden_j":0.463544372157421,"fusion/n_samples":30000,"fusion/f1":0.9868446887885333,"fusion/fnr":0.01643835616438356}