{"vgae/specificity":0.8233493659816353,"vgae/optimal_threshold":0.06812138855457306,"gat/auc":0.9754968840842334,"fusion/recall":0.8690807799442897,"fusion/fpr":0.004702140165266397,"vgae/balanced_accuracy":0.7681638676829974,"fusion/balanced_accuracy":0.9321893198895117,"fusion/specificity":0.9952978598347336,"_step":0,"fusion/fnr":0.1309192200557103,"gat/f1":0.3600256245996156,"gat/fpr":0.12236866762446125,"gat/specificity":0.8776313323755388,"gat/precision":0.22292740975803252,"vgae/mcc":0.2522763263087082,"vgae/youden_j":0.5371596821214024,"vgae/fnr":0.2870216306156406,"gat/balanced_accuracy":0.9063697427268709,"vgae/auc":0.8428551628976588,"gat/n_samples":33220,"fusion/auc":0.9348558467170108,"gat/fnr":0.064891846921797,"fusion/accuracy":0.9907666666666667,"gat/recall":0.9351081530782029,"vgae/accuracy":0.8193558097531608,"_wandb":{"runtime":0},"fusion/precision":0.8731343283582089,"vgae/precision":0.13158298787041303,"gat/accuracy":0.8797110174593619,"vgae/fpr":0.17665063401836467,"vgae/n_samples":33220,"vgae/f1":0.22216461438755672,"fusion/n_samples":30000,"vgae/recall":0.7129783693843594,"gat/mcc":0.42300372378721135,"_timestamp":1.7713550742806792e+09,"_runtime":0,"fusion/f1":0.8711028385295486,"fusion/mcc":0.8663172250105692}