{"fusion/mcc":0.897507209474395,"fusion/fnr":0.13834726090993502,"gat/precision":0.43273284783441934,"_step":0,"vgae/recall":0.8244592346089851,"vgae/n_samples":33220,"gat/auc":0.9844111060032892,"vgae/specificity":0.9193890936348305,"gat/fpr":0.046223999000562184,"gat/balanced_accuracy":0.9465219439273396,"vgae/mcc":0.44841517279948084,"fusion/n_samples":30000,"fusion/accuracy":0.9931333333333333,"gat/mcc":0.6199352597114449,"vgae/precision":0.27743561030235164,"fusion/auc":0.9268255279418142,"fusion/recall":0.861652739090065,"gat/recall":0.9392678868552413,"fusion/precision":0.9421319796954315,"gat/accuracy":0.9532510535821794,"_timestamp":1.7713550763995419e+09,"gat/f1":0.5924954080293886,"fusion/specificity":0.9980292500777928,"fusion/fpr":0.0019707499222072398,"_runtime":0,"vgae/accuracy":0.9159542444310657,"vgae/fpr":0.0806109063651696,"vgae/fnr":0.17554076539101499,"gat/n_samples":33220,"gat/fnr":0.06073211314475874,"vgae/f1":0.4151654796816087,"_wandb":{"runtime":0},"vgae/balanced_accuracy":0.8719241641219078,"vgae/optimal_threshold":0.06056283414363861,"vgae/youden_j":0.7446802749992232,"gat/specificity":0.9537760009994378,"fusion/balanced_accuracy":0.9298409945839289,"fusion/f1":0.9000969932104753,"vgae/auc":0.9152572273977753}