{"vgae/youden_j":0.4514004420253737,"vgae/auc":0.7759778981639578,"fusion/fnr":0.3147208121827411,"_runtime":0,"gat/fpr":0.13800087769638456,"gat/precision":0.12142703632065334,"fusion/f1":0.7277628032345014,"vgae/balanced_accuracy":0.724859884878233,"gat/accuracy":0.8637236084452975,"gat/auc":0.9809196068124444,"gat/n_samples":30218,"fusion/auc":0.8439332112785437,"vgae/precision":0.05775649397765201,"_step":0,"vgae/fpr":0.21918779326874388,"gat/specificity":0.8619991223036154,"fusion/recall":0.6852791878172588,"fusion/accuracy":0.9899,"_wandb":{"runtime":0},"_timestamp":1.7713550267856941e+09,"fusion/precision":0.7758620689655172,"fusion/specificity":0.996021626032847,"vgae/n_samples":30218,"fusion/balanced_accuracy":0.8406504069250529,"vgae/accuracy":0.7786087762260904,"vgae/mcc":0.14891704580363066,"gat/fnr":0.05042016806722689,"gat/mcc":0.3124023943509443,"gat/balanced_accuracy":0.9057894771181942,"gat/recall":0.9495798319327731,"fusion/mcc":0.7240832781659208,"gat/f1":0.21532012195121952,"fusion/fpr":0.003978373967152913,"vgae/specificity":0.7808122067312561,"vgae/f1":0.10633181939620626,"vgae/fnr":0.3310924369747899,"fusion/n_samples":30000,"vgae/optimal_threshold":0.05386059731245041,"vgae/recall":0.66890756302521}