{"fusion/fpr":0,"vgae/fnr":0.13960703205791106,"vgae/optimal_threshold":0.02511250227689743,"gat/fnr":0.0009192232563483856,"vgae/mcc":0.5245552678696671,"gat/accuracy":0.9997249724972497,"vgae/f1":0.6779231361187814,"_step":0,"fusion/fnr":0.0009192232563483856,"_wandb":{"runtime":0},"fusion/f1":0.9995401770318427,"gat/fpr":0,"vgae/recall":0.860392967942089,"fusion/mcc":0.9993442079056306,"gat/mcc":0.9993442079056306,"fusion/n_samples":29088,"gat/n_samples":29088,"_timestamp":1.771354982128e+09,"vgae/balanced_accuracy":0.7854822332965289,"vgae/specificity":0.7105714986509688,"fusion/recall":0.9990807767436516,"gat/precision":1,"fusion/precision":1,"vgae/fpr":0.28942850134903114,"gat/auc":0.9999425682747184,"gat/recall":0.9990807767436516,"_runtime":0,"fusion/specificity":1,"fusion/accuracy":0.9997249724972497,"gat/specificity":1,"gat/balanced_accuracy":0.9995403883718258,"vgae/accuracy":0.7553974147414741,"vgae/auc":0.8759606941308006,"vgae/n_samples":29088,"fusion/balanced_accuracy":0.9995403883718258,"vgae/precision":0.5593068419480132,"vgae/youden_j":0.5710793695001013,"gat/f1":0.9995401770318427,"fusion/auc":0.9994527724391751}