{"vgae/specificity":0.6368680641183724,"vgae/precision":0.2764127764127764,"_step":0,"gat/specificity":1,"gat/n_samples":1873,"fusion/accuracy":0.99893219434063,"vgae/accuracy":0.6716497597437266,"gat/precision":1,"fusion/fpr":0,"gat/auc":1,"fusion/precision":1,"fusion/mcc":0.9953944737546282,"_timestamp":1.7713550060047598e+09,"vgae/fnr":0.10358565737051793,"_runtime":0,"gat/f1":1,"fusion/auc":0.993790559095308,"gat/recall":1,"vgae/balanced_accuracy":0.7666412033739272,"gat/fnr":0,"fusion/f1":0.996,"vgae/optimal_threshold":0.06194126978516579,"fusion/balanced_accuracy":0.9960159362549801,"vgae/mcc":0.36648766287489354,"gat/fpr":0,"fusion/n_samples":1873,"gat/balanced_accuracy":1,"vgae/auc":0.877552674628244,"fusion/specificity":1,"_wandb":{"runtime":0},"fusion/recall":0.9920318725099602,"vgae/f1":0.4225352112676056,"gat/accuracy":1,"vgae/fpr":0.3631319358816276,"fusion/fnr":0.00796812749003984,"vgae/n_samples":1873,"gat/mcc":1,"vgae/youden_j":0.5372664704928743,"vgae/recall":0.896414342629482}