{"vgae/optimal_threshold":0.03586346656084061,"_runtime":0,"fusion/f1":0.8078335373317014,"gat/fpr":0.04237605627939891,"gat/specificity":0.9576239437206011,"vgae/fpr":0.12975065562169588,"_timestamp":1.7713550953081274e+09,"vgae/mcc":0.21942595381936664,"_step":0,"fusion/fpr":0.0012071764558964325,"_wandb":{"runtime":0},"vgae/precision":0.09231217239370997,"gat/balanced_accuracy":0.9613447229520036,"gat/fnr":0.034934497816593885,"vgae/f1":0.16289825282631037,"gat/precision":0.30273972602739724,"vgae/specificity":0.8702493443783041,"fusion/auc":0.853244807059901,"gat/f1":0.4608967674661105,"fusion/mcc":0.8107980716738796,"gat/accuracy":0.9577631632694743,"vgae/recall":0.6921397379912664,"fusion/n_samples":24481,"vgae/auc":0.8473702512530297,"vgae/balanced_accuracy":0.7811945411847853,"fusion/fnr":0.2794759825327511,"fusion/recall":0.7205240174672489,"gat/n_samples":24481,"fusion/specificity":0.9987928235441036,"gat/recall":0.9650655021834061,"fusion/accuracy":0.9935868632817287,"gat/auc":0.993380979327126,"gat/mcc":0.5279142588185227,"fusion/balanced_accuracy":0.8596584205056763,"vgae/accuracy":0.8669172010947265,"fusion/precision":0.9192200557103064,"vgae/youden_j":0.5645724884831076,"vgae/fnr":0.3078602620087336,"vgae/n_samples":24481}