{"vgae/n_samples":24481,"fusion/n_samples":24481,"gat/specificity":0.6910460808391957,"vgae/fnr":0.35152838427947597,"fusion/balanced_accuracy":0.7213867732651406,"gat/f1":0.09500785688383899,"gat/recall":0.8580786026200873,"_timestamp":1.7713551008472025e+09,"vgae/balanced_accuracy":0.772909995097493,"fusion/auc":0.7460963083595107,"vgae/fpr":0.10265162552553803,"fusion/fnr":0.5567685589519651,"_runtime":0,"gat/fpr":0.3089539191608042,"vgae/recall":0.648471615720524,"gat/n_samples":24481,"gat/fnr":0.14192139737991266,"gat/balanced_accuracy":0.7745623417296414,"gat/mcc":0.1596015650245644,"fusion/f1":0.6041666666666666,"fusion/precision":0.9485981308411215,"fusion/recall":0.4432314410480349,"vgae/specificity":0.897348374474462,"gat/precision":0.050287907869481764,"vgae/mcc":0.23371976452640636,"_wandb":{"runtime":0},"vgae/f1":0.1844147780192487,"vgae/auc":0.8241468283579036,"gat/accuracy":0.6941709897471509,"gat/auc":0.8819223826074974,"vgae/optimal_threshold":0.04829452559351921,"vgae/accuracy":0.8926922919815367,"vgae/youden_j":0.5480033963085231,"vgae/precision":0.10749185667752444,"fusion/specificity":0.9995421054822462,"fusion/mcc":0.6444854157110484,"_step":0,"fusion/accuracy":0.9891344307830563,"fusion/fpr":0.00045789451775381923}