{"fusion/mcc":0.9325191139857013,"gat/fpr":0.01984944131249367,"vgae/n_samples":30218,"vgae/auc":0.7619996045543762,"vgae/balanced_accuracy":0.7151407165168333,"fusion/auc":0.9233336089260749,"_wandb":{"runtime":0},"fusion/f1":0.9328621908127208,"vgae/youden_j":0.43196210530257406,"gat/balanced_accuracy":0.9850332625370305,"gat/recall":0.9899159663865547,"vgae/f1":0.12078938414426675,"fusion/n_samples":30000,"gat/n_samples":30218,"vgae/optimal_threshold":0.046220820397138596,"fusion/balanced_accuracy":0.9464794868382602,"gat/accuracy":0.9803428420146932,"gat/fnr":0.010084033613445379,"vgae/fnr":0.40336134453781514,"fusion/fnr":0.1065989847715736,"vgae/precision":0.06719666855953058,"fusion/recall":0.8934010152284264,"vgae/accuracy":0.8289761069561189,"fusion/specificity":0.9995579584480941,"_step":0,"vgae/recall":0.5966386554621849,"vgae/fpr":0.1663572224285184,"gat/f1":0.664785553047404,"fusion/precision":0.9759704251386322,"gat/precision":0.5004248088360238,"_runtime":0,"fusion/fpr":0.00044204155190587913,"gat/specificity":0.9801505586875063,"vgae/specificity":0.8336427775714816,"_timestamp":1.7713550251423204e+09,"vgae/mcc":0.1573912617169615,"gat/mcc":0.6965952449607589,"gat/auc":0.9993606205943202,"fusion/accuracy":0.9974666666666666}