{"gat/accuracy":0.9945945945945946,"vgae/balanced_accuracy":0.7534394290075738,"gat/precision":0.9490652939582769,"vgae/fnr":0.3652050919377652,"gat/n_samples":40700,"gat/fpr":0.005058522803713171,"gat/specificity":0.9949414771962868,"_timestamp":1.771355051820648e+09,"vgae/fpr":0.1279160500470873,"gat/fnr":0.009052333804809052,"fusion/recall":0.7600782778864971,"vgae/auc":0.8203359535661432,"gat/recall":0.9909476661951909,"vgae/recall":0.6347949080622348,"vgae/youden_j":0.5071617434465477,"fusion/f1":0.850262697022767,"gat/auc":0.9993525565775621,"fusion/fpr":0.002586992166150483,"fusion/precision":0.964729259811227,"gat/f1":0.9695543869360642,"fusion/auc":0.8615486942573993,"vgae/optimal_threshold":0.05505956709384918,"fusion/balanced_accuracy":0.8787456428601733,"fusion/fnr":0.23992172211350293,"fusion/specificity":0.9974130078338496,"vgae/f1":0.4260894332099117,"vgae/mcc":0.3783128983495326,"vgae/accuracy":0.8514742014742015,"gat/mcc":0.96686127037745,"gat/balanced_accuracy":0.9929445716957388,"_runtime":0,"fusion/accuracy":0.9772,"vgae/precision":0.3206630465847385,"_wandb":{"runtime":0},"fusion/n_samples":30000,"vgae/n_samples":40700,"vgae/specificity":0.8720839499529127,"_step":0,"fusion/mcc":0.8450932822793388}