{"fusion/fpr":0,"vgae/balanced_accuracy":0.7848179017207282,"gat/auc":0.999999813990879,"vgae/precision":0.5796270885462911,"vgae/auc":0.880807928362589,"gat/balanced_accuracy":0.9995403883718258,"gat/recall":0.9990807767436516,"gat/fpr":0,"gat/fnr":0.0009192232563483856,"gat/precision":1,"gat/specificity":1,"vgae/fnr":0.17488222452028035,"vgae/recall":0.8251177754797197,"gat/accuracy":0.9997249724972497,"vgae/specificity":0.7445180279617366,"vgae/fpr":0.25548197203826345,"fusion/accuracy":0.9994155665566556,"fusion/specificity":1,"_step":0,"gat/n_samples":29088,"fusion/auc":0.9987312120571337,"_runtime":0,"fusion/recall":0.9980466505802597,"vgae/mcc":0.5275015852532637,"fusion/balanced_accuracy":0.9990233252901298,"vgae/accuracy":0.7686331133113311,"vgae/youden_j":0.5697507063484997,"gat/f1":0.9995401770318427,"vgae/optimal_threshold":0.039774391800165176,"_wandb":{"runtime":0},"fusion/mcc":0.9986065424229281,"fusion/n_samples":29088,"fusion/f1":0.9990223704640865,"gat/mcc":0.9993442079056306,"_timestamp":1.7713549839744596e+09,"fusion/precision":1,"vgae/f1":0.6809216764650105,"vgae/n_samples":29088,"fusion/fnr":0.0019533494197403194}